{
    "accuracy": 0.636110337141265,
    "test_f1_weighted": 0.6291911832255597,
    "test_f1_macro": 0.5950233350329573,
    "FPS": 966.3293317711605,
    "total_params_in_millions": 1.209319,
    "trainable_params_in_millions": 1.207399,
    "non_trianable_params_in_millions": 0.00192
}