{
    "accuracy": 0.6656450264697688,
    "test_f1_weighted": 0.6625506944740259,
    "test_f1_macro": 0.6414593309053319
}