{
    "accuracy": 0.3048202842017275,
    "test_f1_weighted": 0.26653750763136824,
    "test_f1_macro": 0.22929048628857693
}