{
    "accuracy": 0.6510169963778211,
    "test_f1_weighted": 0.6469100691746236,
    "test_f1_macro": 0.6232447901794106
}