{
    "accuracy": 0.6203677904708833,
    "test_f1_weighted": 0.6172733482025525,
    "test_f1_macro": 0.5754655410483137
}