{
    "accuracy": 0.14823070493173585,
    "test_f1_weighted": 0.08644597510805271,
    "test_f1_macro": 0.08701320833506306
}